species,mass,body_length,tail_length
field mouse,16,7,5
field mouse,18,8,15
field mouse,20.5,9,5
field mouse,13.1,10.9,7
field mouse,16.2,9,9.9
field mouse,20.1,7.3,6.5
field mouse,20.8,9,7.8
field mouse,21.4,7.7,5.8
field mouse,22.2,7.5,5.9
field mouse,22.3,10.4,6.3
field mouse,18.4,8.6,5.7
field mouse,21.2,10,7.5
field mouse,18.2,11,9.9
field mouse,20.9,10.3,9.7
field mouse,15.5,8.6,4.6
field mouse,15.9,5.1,4.5
field mouse,18.5,9.1,5.8
field mouse,18,6.7,9.6
field mouse,16.2,6.9,9
field mouse,22.8,8.8,5.3
kangaroo rat,90,11,15
kangaroo rat,80.4,7.3,14.1
kangaroo rat,94.3,14.8,16.7
kangaroo rat,89.4,7.2,16.9
kangaroo rat,95.1,9.1,11.5
kangaroo rat,88.6,10.9,17.4
kangaroo rat,82.7,9.9,11.3
kangaroo rat,87.1,11,11.9
kangaroo rat,91.6,13.7,11.6
kangaroo rat,81,14.8,17.3
kangaroo rat,94.4,11.2,15.1
kangaroo rat,99.7,10.8,11.1
kangaroo rat,83.4,9.6,13.6
kangaroo rat,90.1,9.7,12.2
kangaroo rat,96.3,9.3,14.9
kangaroo rat,99.4,10.1,17.3
kangaroo rat,98.5,9.6,12.8
kangaroo rat,91.4,14.1,16.7
kangaroo rat,85.2,14.3,11.5
kangaroo rat,91.1,9.4,12.3
